writer_id,estimated_time_avg,estimated_time_max,estimated_time_min,worker_counts
61476184B0,767.2421159715158,15283,10,2949
81C44C3A80,730.1714285714286,14780,27,2520
8E874185A0,827.3316582914573,4129,10,199
7A6331F21D,1220.7669902912621,3722,248,103
65A8A3B406,653.996738421396,26393,13,3066
2B38D24EBC,556.7109033028253,46384,7,5026
07495D2C5C,798.4503661513426,38665,17,2458
FC2D88146C,726.4896907216495,3363,19,194
337D2146F2,603.8267509215376,21209,56,1899
B389371239,557.2809093740268,37725,13,3211
8190DB1670,1045.5255411255412,41561,58,1155
A66038E2DE,494.25,3218,9,1516
49F51B09D1,1177.890503875969,64821,7,1032
D587E3C867,1224.716535433071,4976,47,127
FA98EFDF15,614.7410714285714,2679,26,112
B64CDAA798,447.0036325895174,21148,7,1927
2616B5700B,798.4714926329276,14785,15,3122
86F90DC596,472.1658218682114,14128,8,1381
13191B5F08,635.8653266331659,41544,7,5970
C0646DD386,643.1875,22037,2,5632
6C8A4867D5,773.8316469926925,70487,11,3558
32ACABCD60,418.984977543751,40015,10,6457
D59915F366,1017.2575488454706,11635,15,563
5612BE326B,1462.014245014245,32904,19,351
077D03A50F,656.0058823529412,4033,31,340
462D89C8E4,697.3901477832512,39943,13,3045
C341458790,499.6215644820296,14148,6,1419
78FED12F10,631.7523553162853,16225,13,2972
2180B7BD10,525.681901759916,37001,22,3807
C9BB36C49F,745.791762672811,33605,5,3472
13403C2A74,514.0044444444444,2839,138,225
9269A0D562,633.3364485981308,3681,6,321
A94415A524,848.9769230769231,6245,12,910
389DD0244B,797.2632140950348,54308,20,1873
47DBDD543E,641.9511955453652,67108,10,3053
39A6FBF21B,795.2297872340425,5367,40,470
C55320939E,1010.7852383393132,106406,9,1951
BFBCCCAEDB,588.2317629179331,6209,11,1316
4F4F45B667,1087.11,3815,60,100
8F2DF4D0D1,524.8497211623129,80727,8,13628
78BD39DF65,581.4119754350052,12507,8,1954
CD38E2F55D,655.6817538896747,26933,13,2121
29E8B4E4EC,1003.5720620842573,9386,64,451
7F6D64382E,741.6621519939804,9233,7,1329
A2A4401F3A,951.9003170130328,167992,6,2839
B9DA0048B6,603.4180633147114,7918,11,3222
5D8ED36EE0,79.08721804511278,2383,2,665
4E2DB00328,615.1106628242075,27805,9,1735
43ADD16FA5,666.1138790035587,4353,24,843
711B04CEDC,740.8402690205969,17617,6,4758
49930930C6,537.1184309781243,45494,10,7954
834F25C8EB,677.6485299499817,12608,5,8197
0FFEFA7412,939.1048951048951,3227,17,143
2DDBFE0CBF,577.4891165172855,2923,36,781
8D109A360E,612.2384341637011,8495,17,562
362FD99C33,671.2706902782797,193038,11,2767
63A1137F88,1211.6734006734007,7597,9,297
231A75292A,611.6103958035288,30150,8,2097
EE9351D7E7,544.2474129821261,6325,24,2126
F86CCCB735,757.502805351748,26351,7,2317
E0908CE6E8,1290.4375,4081,17,128
02BFC1A59B,716.0448895027624,22970,5,7240
06DC60AAF2,588.5595451825254,29621,5,5013
36FE73A36F,674.4306220095693,3283,44,209
2966BBC427,725.9851997146933,33061,5,5608
16BA760ED2,583.8397375820056,54092,12,1067
E87B6AC03C,636.6186893203884,25421,5,8240
4ABAE62921,598.6384479717813,7934,24,567
09F39457D1,644.2658338175479,39169,20,3442
8BD65BEEB5,894.8162162162162,575972,18,2405
F69145699F,730.4757489300998,21739,9,1402
C6B8F7D122,782.0370370370371,128914,27,1107
8D99382727,683.7363636363636,6130,10,110
E44D9EFBE2,477.80298153481283,43177,5,5903
826E91EA41,1149.8233766233766,5137,238,385
DA9BA03215,622.9119779582367,40279,19,6896
DB0624B06C,531.2383141762452,10355,14,1305
B54D1F7413,668.778368240075,62522,13,3199
A3C6DDBFB7,598.0646755479157,39378,5,9308
AFB0F8570E,308.2131901840491,1833,67,652
51ED2B4598,534.5670461733081,32798,17,3162
E431ED471A,577.6830065359477,7745,16,612
511DDA67DB,1194.6118102613746,32663,30,2066
E71B941A51,474.46842344388915,27304,8,2201
77A7BFD0EA,785.5540720961282,7344,21,749
10DD7581B1,485.350718738074,13759,10,7861
6BD0D119F0,452.1869918699187,11505,22,2706
F37E55A59A,723.3262337662337,39491,23,1925
CFEDF8E9BD,660.380291464261,10290,13,1441
729500F9FB,902.1871530531324,27719,8,1261
E98926863B,536.7148509628066,13067,17,3791
2EF3DF0DE1,761.2805429864253,6146,32,221
4927964B62,1268.1814814814816,8887,15,270
09E6920A62,1254.3157894736842,2806,552,19
0880D7F725,440.3304195804196,3124,15,572
34545A51B5,692.7965545529122,29048,10,2438
7A6D5B8246,806.5886524822695,65635,15,1410
CAAF967FD1,1411.816384180791,9522,82,354
679F2142DE,590.1390041493776,5123,9,482
6B4166D191,681.8763157894737,41843,11,3040
D79A3072A5,786.1263157894737,3174,126,95
DA38A42377,1115.1300236406619,4252,35,423
2F55EA02D8,1351.4727272727273,6330,31,110
F3213A6D19,660.0439560439561,3307,63,91
D0310A04CA,785.17079679756,14049,15,2623
A082386EFA,730.5483870967741,4239,236,93
7C5C44AF5A,950.6466019417476,45851,20,515
66BAA93B81,899.5552840562003,9076,12,1637
0646A231C0,537.0714285714286,3951,162,84
350DB90A9F,625.7837837837837,6911,23,259
EBB49D14F6,725.959509202454,13036,6,2445
1980D71499,851.947741364039,21080,9,1129
B9A421FE74,536.9982412944073,28098,6,2843
A230F7F96E,756.6732186732187,57522,22,2849
16FD895569,785.7433070866142,3704,22,635
264EAD5767,993.8416075650118,8359,127,423
BE60AF02E2,612.9551495016611,18474,20,1204
2E5CBE2F1F,685.9544349939247,21916,30,1646
DD4528AF26,1601.048866855524,59874,28,1412
96B13BF9B7,650.8,7632,16,845
9C28A7D290,860.4740048740861,41243,7,2462
E7EEAE064B,1411.0934579439252,5153,61,107
91817467C4,622.3015873015873,15841,44,504
88AE956F64,665.1479820627802,4673,186,223
54E1E1F26C,794.0522109749601,4534,132,1877
949B6DF00D,772.3024830699774,6305,24,1772
A1CD5A55A0,476.581914893617,6970,14,2820
810847814B,1317.367781155015,17620,9,987
4EC7ACDFA9,881.0806233062331,15425,22,1476
4B1776CDFB,1480.747619047619,5616,277,210
5B69E111CF,692.7964265348793,16169,16,5261
2560A92822,752.8300395256917,28526,19,1265
997A4D0FEF,651.7199052132702,28431,10,4220
3C2B24028A,862.1862745098039,14508,19,408
AB111C2D9C,579.6676829268292,10722,13,1312
FE78818F43,608.1112622079366,33763,13,8089
08FDA81FFD,721.5603448275862,3352,180,116
0402EF1B6E,283.091743119266,7303,14,109
2FADA6A489,659.3392489711935,29040,18,3888
1F7A6FD63E,722.8101101749838,10133,18,6172
17D825A223,579.4572098475967,6558,38,853
62D85034E7,587.7359180687637,127895,4,4101
1D6A1B2A93,1341.8082901554403,3969,199,193
C77A8E3155,54.21296296296296,1317,8,108
BDEB046820,606.1826241134752,10161,21,1128
6B4993D8D3,687.4880590534086,11477,11,2303
C4207339F6,748.1572164948453,4621,7,388
8506AC1702,595.1081392004602,47216,10,6954
133A15DD83,566.0150182788262,16079,6,10121
29938A1072,773.6832543443918,66547,6,2532
2FB51885C5,465.12872154115587,58770,11,1142
9C4F17E115,586.3032445923461,9989,11,4808
576F660EDB,2874.208,57881,253,125
88E686AD31,658.1730449251248,86742,5,3606
901DD303D8,783.3275434243176,58274,22,1612
AE96461235,704.5799031476997,48364,10,826
6D16AAD31F,766.9487534626039,27066,19,2888
33D82331D8,453.02947224126115,23171,31,1459
A9EFE1F81A,1019.0248091603054,14311,11,524
BF3AF342ED,1837.2947368421053,13589,180,190
6FBF3994A5,297.9913043478261,1279,8,115
5C7694C6C1,659.4627424293977,6279,16,2939
E250561D7F,726.0841584158416,3462,35,202
4C33E02528,509.5249042145594,7703,12,2871
880FAC5EF7,832.6127946127946,40137,27,297
E602143D02,547.3621052631579,4625,22,475
5F4DC5004D,742.5517433751743,36874,12,3585
C245541E12,64.6930693069307,1165,4,101
847E57BBD8,780.8982456140351,4230,10,285
48A73EE74A,782.0823723228995,51733,6,1214
C919427023,479.0180055401662,8397,20,1444
DDE11A7937,1011.6490765171504,10377,16,379
4420EFD27D,705.3269961977186,11838,17,1841
77F97501B7,579.5823754789272,5327,7,522
8068EA346C,943.4849162011174,24081,9,895
A715EA8C55,564.5516717325228,100853,5,5922
6BCA32BDCD,699.4536585365854,7628,40,205
58E8ED797C,1184.2857142857142,6108,332,84
461F37125D,676.7785870356882,11912,14,1373
F9EAC8F937,714.5942111237231,41955,15,1762
6CD7A6AD62,636.4021894336031,16359,11,2101
04253D2691,7224.653608247423,18675205,13,2910
4CF902CB52,731.0411184210526,18547,14,1824
31E66EA821,1530.642857142857,11109,175,98
B80A475E8B,762.6124449779912,251988,5,4998
A118C45B6B,1323.1834319526627,74398,28,507
8D411D8002,1389.8936170212767,16758,218,94
694E4FEE02,621.3664670658683,24373,11,2505
051838EF39,1181.695652173913,3681,468,23
8D062301AF,1034.3362989323844,10617,195,562
352EDB2A5E,451.81410256410254,3224,5,156
A20304B3A5,553.9008438818565,4083,17,474
12A9FA842C,588.2863061943236,23562,10,4827
D2CCF055EB,653.9797670141018,26843,8,3262
98B6001783,600.9115308151094,11733,12,2012
4C17328E60,545.7275204359673,4380,18,367
5521822A6C,1107.3616,57782,3,625
74E15D698F,453.659379671151,10138,18,5352
E87D9584A8,883.9228791773779,8916,50,389
0CFEC44588,625.9305555555555,4041,119,432
43E1D6E378,790.8564954682779,6368,3,1324
BECFC5BA77,674.35,3659,25,220
9E520C2437,523.3562582345191,43642,9,3795
C2CC07F90A,545.0065359477125,7192,6,1836
842BC9C125,1219.2032520325204,4817,311,123
7916CA02DE,741.9734085414988,111309,9,1241
CC26992865,760.9758064516129,32367,11,496
AFE2CCB9A5,499.5019305019305,16441,9,4403
C8E41FC0A0,425.05686448184235,87550,6,5645
EDB35C638E,882.1088907014682,88641,23,2452
DCF8E35E69,986.6,50162,19,1015
AB2B76EB6E,786.6180021953896,53834,5,911
6F60ED2F52,1111.8620689655172,5810,28,116
D88EF8AADA,1466.0,26097,14,364
6FCFB0CD00,759.3203125,5956,15,640
77D15CBB2A,88.76190476190476,7007,12,651
8FA939A0D0,841.2,4367,268,205
AB4C835DB1,1358.9324324324325,10451,9,444
5DB5352662,991.6339401820546,18194,7,3076
796A49D496,1642.7,10557,206,110
8EA32FB203,579.133815551537,19452,23,3871
6293F6B60D,570.5267916945746,12762,15,2986
190C6A1C94,837.3996328029376,12654,21,1634
6D40FC9049,606.9931229773463,58429,9,7416
F2DE4E1715,1560.265560165975,78185,195,241
8E96056DAE,833.8115501519757,24678,19,658
ABED204CD0,743.687859824781,25065,7,3995
63DA4E1AF2,615.9096385542168,3488,82,332
143021F794,547.4601281860188,14106,11,6709
CD53F1605B,561.4413835322927,35306,5,3267
FDC0D69490,1085.7386363636363,20459,22,704
A6B5BCA565,807.6281128943,10745,5,5421
FD86AEA830,1638.4700854700855,8071,68,117
EE4EA582E7,763.0349127182045,3309,170,401
DD0C2CE8D5,984.5030864197531,7237,12,1296
08F2407F41,913.8322580645162,4371,195,620
372AF2EC64,620.5408366533865,5019,26,1004
5A67D472EF,662.7941176470588,4818,29,442
F2B8DFA178,549.4939759036145,2799,26,166
C546D74B45,767.8822070675759,206277,19,4839
B28AEA6003,869.4282841823057,17491,15,1492
5E6E56AAC4,418.48235722080756,61733,8,2749
25F7C71162,273.0026588673225,12149,2,3761
48412FA7D4,570.0562248995984,7166,24,249
E421333736,496.5228873239437,17250,8,1136
B2E13392BE,783.0697197539303,15350,12,2926
84D7EC6294,902.4330218068536,7350,7,321
D1CDC73212,605.4202960738039,34672,9,4661
0114AA7B3E,754.69146238377,4320,24,1183
9A3280B216,855.1428571428571,6819,25,546
D848A75C89,577.8530377668309,15184,8,2436
A7F5DF336C,825.9979338842975,5694,28,484
4B2D47CE11,615.0103686635945,8550,9,1736
91D9EA2514,971.4971363115693,8534,120,873
E525472683,1125.6755753526354,20842,20,1347
5BBEE2EB2E,483.1458773784355,5392,15,473
6602A3810A,730.4220977596741,22101,11,1964
D739CC1054,1297.5714285714287,22090,259,231
73CDFFBE46,1495.2173913043478,4742,357,46
8516929474,1039.0231213872833,7553,25,346
3936CB27C4,865.1436699857752,5096,18,703
393EA25C37,893.5353535353536,19119,36,99
B0E94952DD,559.9048207663783,10389,18,809
0471333311,1126.4854227405249,14577,15,686
D695311D5D,1040.952380952381,11767,26,294
44FDEA8F38,2434.16511627907,649398,12,430
2DFCEC7174,1048.1568501920615,190537,6,3124
E134C1CC08,780.320956256358,22392,23,3932
F30694D268,573.1057268722467,3213,70,454
7043544F91,1354.8898635477583,15729,33,1026
4684DBCD57,692.3978494623656,10837,13,1674
68729A0013,778.9768736616702,4799,156,2335
334A0F1CE7,734.4831657192829,58303,11,2287
495972638D,936.3084577114428,7227,134,201
244C4ADB2F,797.534335839599,8674,9,1995
6B3DCD8559,479.69154228855723,5397,19,1407
78768F7DAE,1351.5141509433963,42035,18,212
DF2E8F1A3C,953.9294781382229,31895,10,1418
AADDCC4B7F,878.0901639344262,11103,224,366
FA467DE0A5,732.5782258064517,11111,23,1240
CC1DA19D7F,844.1155688622755,45517,12,1670
C97C5A6B46,677.0747460087083,17263,11,1378
F89C77DD5F,659.0911139729556,7326,9,3106
8BBEBB0910,1484.3397260273973,13380,149,730
3F9652B491,753.0347705146036,8083,10,719
7E4210D7CD,723.3602378929481,9790,8,1177
4551981EEE,629.7289201183432,22030,10,2704
D28C72ABBE,625.0169082125603,3668,11,1242
06C7B794CC,897.2441243366186,5866,26,1319
75F0F5FA97,1049.4010484927917,6988,2,763
6E9F50C5C5,501.1823899371069,1592,224,159
5F007F43BA,1564.7211538461538,25377,57,208
E5C3D1209F,717.2714148219442,12742,7,1039
4B365D9E62,802.4620938628159,9618,12,1108
82BA6967B3,1004.6051779935275,77631,29,927
32F15DD1CB,438.7649402390438,1950,149,251
FDCBAF8295,875.5084439083233,7929,17,1658
2D3C10501A,462.9897667253521,13448,19,9088
3B7A5B03F3,543.8924731182796,46084,7,2604
A8D25CF4BB,1172.6538461538462,3438,323,26
AA1B0BA5D4,607.5450941526263,4415,19,1009
B20E5B6259,1056.267111111111,118860,26,2250
3520A30A3C,719.1968709256845,19772,19,3835
900D5D83DE,546.9710884353741,4755,24,1176
52A20E8123,1082.2309711286089,25495,27,762
A72DE6AB47,783.0037313432836,11491,13,536
A0E52D71DE,623.4090909090909,6519,5,374
ED6CFCCD26,835.280888030888,46283,24,2072
5E1D602E3C,1033.1237253569,144514,16,1471
440BAC860C,615.9372623574144,11780,8,1578
751E1EF5FC,1378.398148148148,7146,29,324
AFE37D7898,640.4871220604704,4249,52,893
A3A944DC7B,535.4462809917355,5417,10,1210
2CC7499846,892.0919540229885,19648,9,1131
B41FC0FA8D,761.960396039604,5398,162,101
43939197C8,729.4141414141415,6070,218,99
A833C0A385,844.3828483920367,60237,5,1959
8B23DE45CC,412.1614525139665,26037,25,5370
00900B3A4B,1049.608695652174,34827,141,207
7B02017B4F,922.1211656441718,32395,5,1304
B051C5E0E2,839.9639330184629,209831,16,2329
8561EA8921,740.7169811320755,2917,255,106
95D6A864C7,732.0185185185185,5993,11,1728
ECE0038E81,602.7106812447435,55995,9,2378
3618B87AAD,607.4855769230769,133946,9,3536
994314ED73,537.8230088495575,2354,234,113
08C6E29698,1294.849915682968,11534,18,1186
546620544D,746.1445054945054,53579,16,1820
0D66331D5A,621.1419878296145,42856,8,1479
1CFE4113BD,704.0655926352129,45022,11,869
CAEBF1D065,1920.89,129758,223,100
7A196319B9,1219.4725274725274,10073,233,91
27188ECBED,1006.7669902912621,7397,188,103
604F49946E,434.54404145077723,2337,14,193
45CC686C2E,758.0089285714286,3411,172,112
6B3C02C98F,590.2966101694915,2921,89,118
2BFE3FC5B0,595.6476808120682,27528,9,7093
082294647A,580.3581395348838,4974,19,215
3BE9E27D2D,650.5697522816167,36715,6,767
A72E1250FB,73.90163934426229,2074,10,244
7372D0F124,821.3842975206611,20680,17,242
39D03EEDAA,809.7196531791908,13450,7,346
1EB66FAEBE,754.0523854069223,17206,19,1069
022529842C,634.7105137963844,23323,7,4204
0C687D173E,681.6146899458158,12254,20,1661
16E6A50B33,594.6348747591522,5050,11,2076
AEC059F9B1,722.1548672566372,66754,16,1808
347BC3EF16,119.08142201834862,7036,14,1744
D108EA2136,614.5652173913044,2876,51,115
D29CDC07B8,700.436170212766,27115,34,1128
8F5F04D5A6,762.0563798219584,4913,58,337
9CC01CD5AB,1150.1978021978023,8116,163,455
3262FDBAB0,659.6395480225989,93007,14,1770
33AEE2890E,531.1683168316831,2014,120,101
9619445B2C,703.6440777843253,33570,18,1697
4176464B9D,865.1893913634818,26871,28,2941
4C4F76585E,446.5204402515723,3813,23,636
14DCDB1DB4,657.4568764568764,3307,172,429
03DDB20A91,671.9424736337488,7695,15,1043
E9B2DA7D69,870.289592760181,5336,271,221
A34EF88017,1165.2263374485597,6303,64,243
54A1759B20,836.6178343949044,8405,99,314
4BA2B2AD4B,566.6029869321718,8367,12,1607
FA304B1582,816.2771392081737,6610,6,783
1ACE8C2046,1157.2638036809815,55952,15,326
8961D96020,1322.2688524590164,130152,38,305
64F4065668,966.4444444444445,2870,600,18
26BF1B0871,1263.800796812749,12009,151,251
AE14DD6F5B,588.507024265645,8923,14,1566
EBD1B669CB,803.3808962264151,8145,18,848
99C5E1239A,682.8479381443299,8998,38,388
CED998B8CC,1670.8292682926829,17637,144,697
7FC001AE14,720.416015625,57784,25,512
94BAB8F6E5,450.17192600652885,9134,23,919
36B3EE8547,857.1170988654782,18849,2,2468
EF39CB7BCE,1080.2920353982302,41360,35,339
266CD88001,402.8311436571182,38753,22,4643
4A41B2838C,549.6062300319488,127603,24,2504
2633C65230,809.5324384787472,82546,41,1788
EFBAFD79D2,1820.1433121019109,50400,37,314
FBAF6AFC74,1942.253488372093,965000,6,860
B747E71281,505.37536148062463,9491,36,1729
564A0F6FB6,927.9791666666666,10292,28,144
7A679B0F39,563.0630407911001,13110,7,1618
96EB47DD53,914.0285714285715,2325,231,35
39AC5437E3,526.2494402149574,12338,9,2233
9CC94CCCF4,793.3558700209644,137151,7,5724
D3ED5DA14F,949.8645833333334,3590,239,96
2A3244D55A,649.6773162939297,7757,35,626
EA013A24B6,495.87301587301585,6225,13,315
1792E086F0,781.4530612244898,3409,31,245
732ECF30BB,1089.9046454767727,28295,6,818
D914B70071,581.3928571428571,36027,12,1344
75922E05DF,884.4545454545455,10320,200,110
B9EFAC32C3,907.0884955752213,14205,11,1921
31C454B6A8,613.9221967963387,113214,7,1748
4F86404D40,857.1734104046243,13339,20,2076
F4972DFEDB,844.430066603235,5688,27,1051
12C55FB071,658.6293365794279,8164,21,1643
0D38100EC8,916.2545994065282,62523,13,1685
E3FAB18F80,705.7096774193549,4354,72,93
867237666A,480.6238532110092,2873,115,109
F294B5D695,705.5173745173745,3384,23,518
241EE9C240,939.7789382071367,66263,19,1149
00C5EB4528,764.3251231527094,11430,22,203
B2CBF536AF,653.2735135135135,7214,7,1850
9AF1718C42,1038.4767801857586,10591,60,323
C5187BBCF4,560.4311218335343,257739,9,4145
305DA737FD,520.2929969104016,11473,14,3884
3E6FED2EE8,620.625,3596,83,88
9E4DAC518B,675.0951847704367,113581,8,893
D017E63600,959.7190476190476,4008,45,420
67BDBB0089,857.9748743718593,6526,132,199
D40CD544F1,760.6202290076336,7182,14,524
7B1BF5AB50,1116.0,6547,57,181
0A75FCECC3,532.5210084033613,11369,18,595
DA303083E0,539.9677419354839,1835,222,62
DE40051B46,150.5056433408578,46351,2,886
DE59513B64,423.93087557603684,3525,82,217
BA38006C81,863.0,8376,16,105
411D83CCCD,810.0366972477065,2935,242,109
2A243D11B7,731.3617021276596,4173,192,188
10F5227144,716.5289889793962,34926,25,2087
8066DB3047,505.1476793248945,1852,134,237
1ED264A687,1387.3333333333333,8606,237,117
15961A62B4,903.793055068397,231334,25,2851
4FDAC39BAC,1026.1908675799086,15111,7,2190
FD41AB842E,678.6164588528678,158222,14,4010
23AECEA73D,1188.5148514851485,12817,18,404
EBE66BEC25,781.6354166666666,7651,7,96
AF70B1A69F,592.311377245509,6382,17,334
6FC1C6B93A,669.7570093457944,4340,20,214
660900814B,765.4171122994652,3195,104,187
C1D572E8E8,625.1278195488721,3302,177,133
3A17A90496,1192.7522935779816,5722,279,218
CEEFB7B005,456.52905507832236,4097,32,1979
58B607B801,1374.3762376237623,6491,267,101
66BA68A389,928.125,9645,15,112
D1068803E2,638.0815047021944,8097,4,319
59989CB59E,816.0260989010989,109971,99,728
01CA538B53,923.9059893858984,8882,13,2638
662C9595E2,604.5527156549521,12773,23,1565
A0B1814CBB,719.1869158878504,5679,74,107
41F6A04D15,611.5433403805497,13732,27,1892
537AC6B061,651.1308016877637,7513,13,711
54293D9AF0,694.12,2400,12,75
817E035C23,687.2805358550039,30992,8,1269
CE5BBDC276,872.7998661311914,9977,11,1494
7E71029446,586.5126353790614,2462,6,277
911EE3799D,771.7947198275862,47616,7,3712
606C52C0D2,883.4521276595744,7037,26,188
57B3ABDF96,710.3426124197002,5386,72,467
9576B74126,544.0995260663507,3344,26,211
0C553D1070,1353.5942028985507,24205,35,207
EF64A0903B,629.8830022075056,11514,21,453
EA52A9BA71,684.5697674418604,5801,75,344
7DB7419D23,721.5285935085008,6062,12,1294
A94096CA70,623.6621961441743,47373,11,2386
BA7F7B6FED,654.4090909090909,5208,60,198
BBC07759C6,1140.8239436619717,15290,15,284
8700D0F5A5,864.8292448292449,36058,10,2079
DF4D47882E,806.0,3425,31,200
95213A0E59,803.9062877871826,22013,10,1654
26C43D5569,674.5729695431472,16876,17,1576
95F8F35AC0,616.032,2402,150,125
ECC0773498,893.4214659685864,4567,12,764
4195BBD8D8,745.6444444444444,14655,53,315
AC11641D0E,1446.0290368271956,50994,7,1412
62002B3C1C,1035.921875,141908,74,640
2FCE00A0B4,574.8730853391685,3758,155,457
65B8363DBD,703.0256,10023,6,625
94E2E2F912,1150.0,3724,168,7
60C33A166D,534.49,3959,179,200
F945C79241,435.670496423152,7782,15,4613
AFC582E01E,906.5102040816327,7867,11,98
4543839628,588.568,5289,21,625
470E94F18E,822.8668779714739,15219,181,631
6011F7D299,1217.0413223140497,10195,389,121
848224BDAA,565.7949019607843,35138,26,2550
9B708C3DEA,649.8951310861423,6457,12,534
EECDEA8EDE,655.9305501365587,80370,12,2563
B0B95272A0,25.08,51,15,25
1FB41A10A7,1380.8883720930232,79502,16,215
A6DE729DB8,510.8876811594203,5143,16,552
56627BBC6E,1226.6626506024097,9852,26,332
4F4490038A,598.1849816849817,21265,22,546
59E1C8E486,674.0045454545455,2644,109,220
6347241A1C,1104.4117647058824,3408,179,119
F1AE96C864,586.9949494949495,12900,22,1386
5251224A8A,749.9166379607303,26564,13,2903
510CB1E02C,362.16814159292034,7936,6,113
CFCFD8EB52,1705.6173361522199,20303,62,473
11CD6DCA97,1192.3708333333334,14878,38,480
5B41CD5731,629.0455136540962,46026,18,769
C4FC60B1B0,755.4279696714406,6070,13,1187
EB2F066ECF,1090.855098389982,7861,18,1118
E5CF272441,735.0188356164383,4422,18,584
334F694DE4,964.291986827662,16942,26,911
115FD35B24,844.4713216957606,68221,5,802
FDCA2FED02,674.0133333333333,5878,183,75
862B8115F6,537.1870697395989,19588,13,3341
E1140B8B98,1128.5226130653266,4361,37,199
DBA279AA3D,692.4688090737241,23802,8,2645
90BF9D1534,695.3395445134576,6085,11,483
B17512835B,1438.4594594594594,3484,585,37
AB94C4C495,854.0,4695,25,192
E44DBED829,616.9944134078212,61619,9,1074
4E99C513DE,1488.0557939914163,7740,118,233
8F78F4EE75,714.0479233226837,8725,15,626
3CED6F862F,1376.0833333333333,6308,109,60
5B0CA29680,845.1091142490372,9348,15,779
746ABD8346,410.2061694650527,11026,18,2561
4690B75E0F,686.6866464339909,47082,12,1318
79A596EF6F,3414.3920704845814,16748,298,227
E841CDFB27,1077.860655737705,6139,205,122
2E8E1FD3B2,745.7650224215247,14397,32,1115
6AA32089B8,1255.0877192982457,62765,84,114
06EFAE4139,548.4297872340426,18308,81,470
ADC8B77CF3,948.063829787234,6221,325,94
B626541339,973.8310864393338,98547,8,1261
215F2C44FB,744.1,3776,195,230
FFFD65BC80,948.3949579831933,3875,234,119
6D857DE36A,1025.1171428571429,41976,16,1050
E15458043F,506.11570247933884,4069,142,121
F00A87E8AD,158.70535714285714,3446,26,224
07DBF0F2D9,861.7049924357035,27965,22,661
1A78119A2E,1220.3733451015005,22858,19,1133
4E72CF70D7,509.9056603773585,3500,84,106
A4546288C2,560.2722824187347,23953,9,2861
5EC01DC1E4,1741.7622149837134,21305,31,307
62A3231CAB,889.1387973640857,22227,18,2428
01F7614182,1120.132743362832,11455,29,339
D2B77CB20E,804.8165605095542,42183,9,785
9CD806AB5A,725.8964401294498,4076,8,309
D748312301,704.0886075949367,8891,32,474
D20F89C55C,545.4521739130435,4618,118,230
CDFF893490,589.7734241908007,6035,8,587
EA180EBDD1,2013.2792792792793,20433,306,111
18E78A912F,1108.8272727272727,6955,303,110
5CB9B0253C,5084.028169014085,328003,17,71
0F11A2AE4D,1167.0748560460652,7578,51,521
B25FF9C7A3,852.0871021775545,6365,94,597
3AC2B53157,594.4803017602683,29198,11,1193
E3480B429C,1254.2363636363636,5938,484,55
705E03F94D,685.879344262295,19614,6,3050
FE64ACF279,1378.3166666666666,13818,35,120
5278D1E81B,653.0714285714286,7249,21,420
230D23C4CB,690.5488095238095,6966,11,840
012BE6D824,970.3674911660777,9288,82,566
FB80B7240C,612.0560224089636,10555,31,1071
4F2ACC17CD,934.1938920454545,25198,9,1408
7E2C827B55,814.0630160799652,16414,13,2301
C9A92A5EB6,689.7291666666666,6174,16,96
17CF13B46F,634.5386416861827,21678,12,427
05923F6AA1,674.7404817404818,8643,22,1287
7A3F664602,1865.3634020618556,13885,25,388
AFB473FA20,899.1385317295728,7814,6,2411
C40AA8A40E,1721.1124567474048,28924,179,578
2BCC22BB88,732.6400602409639,7991,11,1328
82AA8F1A90,1980.2921348314608,21956,8,89
4D8BFBDBC9,1042.0409836065573,17988,127,122
7FE72027A6,663.3057907213004,27967,11,2953
0FAA92AC3E,430.82142857142856,8916,81,112
ECB2597DC7,863.2067510548524,5599,21,237
279C410535,627.9007936507936,12617,9,1512
D8C138ACF3,978.6091743119266,9425,19,545
72EF444794,632.7664233576643,2482,126,137
13356605A7,607.5584756898818,62481,14,2283
E4D2859CD6,1053.9439324116743,83197,22,1302
58F5BAA43E,694.4615384615385,2701,24,104
9F4F7036C9,1507.3460317460317,38107,21,315
1D3A4F5C1F,645.7613636363636,19236,6,704
3257E120D3,1056.843853820598,6728,103,301
A141BA4FFB,937.3274725274725,3690,19,455
7073E57F72,505.98046875,2202,22,256
CFFC7BDA5F,1468.1183431952663,9389,73,169
72F7F19026,1162.9782608695652,9966,8,184
86592EB8F6,1109.4888888888888,90652,257,225
24DD178315,1371.873873873874,10627,310,111
93E325613A,951.8308457711443,11939,24,1206
CB4E46F862,1640.2929292929293,19051,21,99
746ED67AB2,1241.5729166666667,4095,24,192
E64EB7F636,544.664768683274,10778,11,1405
CBF60E4F61,578.9234449760766,5103,12,209
853E75AE05,1342.588785046729,7728,71,107
9481DC63C9,823.9591280653951,8112,7,734
384A9FC693,1129.978021978022,9914,300,91
724782E5FB,627.6146788990826,7398,69,109
4F1EEF58FC,898.9427230046948,41197,16,1065
CB30B1A99C,1833.6771217712178,365094,17,542
5A955AD6E5,736.8867924528302,2768,18,106
A8D358C7D0,522.781045751634,4925,11,306
D449846D0D,615.8496993987976,5262,87,499
A138F0B930,961.6410256410256,3856,11,117
49409712B8,851.105795148248,37322,16,2968
9C8E67FA13,969.6593886462882,18483,53,229
C646C6494A,1022.9583333333334,4896,233,96
4D65E96EA5,1089.4450980392157,5440,23,510
FA5FDCEA16,663.2589641434263,8023,21,251
3703CB416F,815.8699690402477,4778,16,323
330E45A671,514.9347826086956,3642,18,230
D55044CE0E,472.79223580158157,3521,18,1391
8FB7A96620,645.3883495145631,2018,188,103
DAF0DAA551,796.6636568848759,51300,27,1329
94D673EB97,1082.6451923076922,16213,43,1040
62A6DA0279,856.4535714285714,10141,17,1400
4E3CC563DF,752.9934102141681,51167,20,607
1C605F185C,1054.6411042944785,6844,206,326
69D7B72115,2065.201834862385,35397,135,109
AA1A6D6325,1208.909923664122,17078,37,655
EBD7361547,1279.908256880734,7483,223,109
E041637DA1,550.158273381295,10931,23,417
EE0480F742,546.8248286367099,31923,11,1313
8DA907745F,1598.9014778325122,8436,25,203
BE1761C7CE,1109.1565217391305,28715,21,230
CB26817159,850.9026548672566,4815,173,339
9E44CAFE76,565.1625,4422,47,240
E4BFF2B55D,893.1423076923077,9049,7,780
F378FF08FF,695.5774487471526,27919,9,878
4E845B3663,512.4176809737348,11389,6,1561
DBC73E996D,1113.125,4402,168,240
A1763372F6,1672.275,130864,114,280
DE8DBE9E41,879.3565891472869,9859,10,516
D2B64901A4,393.13,2620,40,200
24BD2CBE72,965.2352941176471,1825,332,17
9F39AC7665,1364.5346534653465,17259,59,202
23F7104393,651.4045368620037,11151,30,529
D7C145F2C5,535.7058823529412,1095,257,34
437B2860D8,947.7187955318116,6615,26,2059
7EB1C515EB,568.4767747589833,28636,28,1141
854A093ECF,1024.2689873417721,46902,207,316
F8A2A02853,857.2851637764933,19513,158,519
987973B0A5,746.1354166666666,13123,13,96
E3544D0012,562.79,10021,5,1000
11EFE286FC,718.5142857142857,2360,109,105
8EA8D74A1B,754.979674796748,5309,32,492
0D24973842,858.2575452716297,7788,7,497
843893FE0E,730.046683046683,51913,10,814
5B73BFBEED,722.021645021645,4910,162,462
6C2D73908B,847.0988235294118,10499,4,850
B4FC49D1EE,1072.5502008032129,7522,33,498
A822BAFDD1,550.2837837837837,7022,11,518
E6F6C0FB09,1041.131868131868,22876,27,91
F6E0676E7A,1042.3806193806195,7424,16,1001
F821F86755,852.3163265306123,5720,103,196
7C180244B3,1326.1875,6026,19,128
7833F54154,2392.48,185818,14,125
D0DE3D2219,491.3878504672897,2077,29,214
92A82644B0,1204.592741935484,67688,9,992
84E3509D4C,762.8184143222506,10060,9,391
DFF5A6C286,1369.9166666666667,2337,683,12
E661F0347D,684.2538330494037,4489,17,587
78B892890A,619.56,2295,30,125
0AC0179228,894.457627118644,3323,294,118
D3E874B59C,836.1401869158879,3903,210,107
12FDCCE664,884.910569105691,4185,208,123
76B689703E,838.3235990528808,31226,20,1267
E12128E101,521.3785046728972,19731,6,642
43B7FEFC03,906.1113689095127,41989,7,1293
AA44A98BBC,1200.6725663716813,12416,169,226
3938C43963,252.10454545454544,3221,5,220
D3B51A6C25,1081.4296296296295,20315,7,945
5573EFA6FD,680.5683576956147,9245,9,1163
427A99F106,513.7373396353815,37378,6,1481
2D0A2C1B92,401.5904761904762,2316,77,105
AC0E054329,577.4868708971553,5359,12,914
ED3408687D,887.9135135135135,6686,9,925
9BE0854F20,746.5580357142857,5482,60,224
45D40F20CB,699.4166666666666,27207,22,864
7EBC795852,1778.6019736842106,23695,41,304
1FAAC42623,706.3457943925233,7325,112,856
46BB387F80,546.4950495049505,2729,165,101
A6D36AC2BF,1100.8526011560693,9113,61,346
2F68EFE22A,997.2323943661971,16202,12,142
860D8D4943,1664.1467065868264,19033,30,334
C09299A2DA,521.8687943262412,3201,11,282
EEA27F2577,181.51980198019803,1286,24,202
90E37F5EE6,1037.4183445190156,6372,76,447
B2CB02C023,1064.1674876847292,8979,5,203
F18A5216D0,1280.1593220338982,10056,177,295
D426CD9C96,518.172077922078,6989,11,616
B8C23742C1,1143.678947368421,8847,27,190
3A9C4CDF6A,636.9399185336049,13491,37,982
9C918D4434,463.1107594936709,4377,36,316
E0C12272A6,595.3504922644163,32391,25,3555
CE4A960221,830.4907407407408,4573,263,108
982C0DB0CC,1436.7291666666667,14469,227,96
35B4D4AE3A,1135.3214285714287,10369,19,336
8CED307426,1435.0,31483,73,218
C42181D29B,683.433962264151,4199,161,106
E4F821E7F1,756.935975609756,29698,20,328
59F84F82D0,1916.5597826086957,21881,129,184
1427B42026,1115.3846153846155,2969,31,104
06B522B229,773.2477876106195,2093,273,113
61F98249C4,698.6307513104251,26682,8,1717
E44AACEE4F,791.5148514851485,4226,26,101
F1A1ED238B,710.0711462450593,28733,10,759
95D571961D,513.5373467112597,20229,9,3588
CEBA0320C0,820.9440559440559,3749,8,286
A5F307BB4D,687.3133333333334,2901,163,300
4CB3797F31,542.2788461538462,2168,84,104
59EB0858FE,879.4588859416446,36568,5,377
C5810CDD5E,446.5765765765766,2180,47,111
DC84F8F36D,731.8519388954171,9731,25,851
EE8CAF56C7,810.0727272727273,10934,12,110
7D38927399,1424.340175953079,21113,32,1023
51FF828A4D,691.5028248587571,5304,17,177
D40C2B2ED9,938.1891891891892,5927,312,111
FE6E32145F,670.2912912912913,11847,77,333
D79674854D,449.7987577639752,2736,41,805
4AC6088DFC,793.2733333333333,11030,7,600
7BE14DDC5A,1107.192,6297,315,125
AAC6CFA220,545.0298507462686,2161,22,201
BDDEF5241C,478.0,2372,200,65
05FC30C5DE,1378.107438016529,18418,24,242
6E3A8D3D12,1005.8303571428571,9477,139,112
9F8CE7D94E,1009.2396694214876,4470,39,121
EC8FF7BAEC,670.9188846641318,42105,25,789
9D874EF729,1295.9024390243903,85318,12,205
DCA3E66A01,860.3374805598755,10124,19,1286
792C78F615,889.30081300813,18803,22,123
C950C8041F,866.7551020408164,2206,422,49
8361810871,572.3103448275862,1856,116,58
6677105FB0,870.7179665738162,10138,17,1436
240702A7F3,1056.3257575757575,4985,125,132
7084FF1A96,1909.424,5186,40,125
067B43D975,1061.3809523809523,3381,473,21
4288C1C927,1266.1834862385322,6627,213,109
9BD5A6B11D,1041.1666666666667,10695,21,486
CD0D707120,726.6666666666666,2629,197,99
7AAA16EFDA,1104.4356435643565,14337,21,101
B481D59623,1038.5412844036698,8038,4,109
4731DA9BF9,493.16964285714283,3372,225,112
5BE10B3C05,942.1613636363636,5739,11,440
E725577915,844.3301886792453,13255,209,106
1D2524D744,1279.3719806763286,4165,9,207
78B8BCBE9B,923.1973293768546,17828,84,674
7EA07F0D2B,147.25,1141,10,92
D9DE6F0570,1048.1195652173913,6626,173,92
0D42DC5BC0,1184.2987012987012,5438,240,77
F3631B35B3,602.8449408672799,5071,9,1522
C9B5313507,786.2680412371134,4668,54,97
BA2DA6343E,1138.9272727272728,9697,124,110
7A6FD71EDC,1270.360902255639,9291,61,133
EE916FA205,681.1897810218978,14399,45,1096
8D803272B0,408.52694610778445,14484,5,668
5E1BDA5434,463.38532110091745,1638,151,109
D15B92CD2B,490.0035545023697,9177,9,844
A73276CB1A,677.9258750857928,22042,32,1457
2344C00887,663.3952730236349,8642,33,1227
EC3F3763F9,949.81,4028,35,100
DA17F5428D,800.1382978723404,3298,392,94
328F6F3CA4,507.52355623100306,4238,32,1316
0F23743E0B,837.08,1669,546,25
904B008084,1114.6,3681,108,100
567FC1A5A1,756.1407185628742,3410,22,334
0A0D6DD0B2,823.3465783664459,13978,64,453
5F722811F6,1656.9619047619049,10773,249,105
DF84310EAC,771.612865497076,117110,9,855
185E8440D7,844.2061855670103,3661,253,97
B55A45453F,1273.4085820895523,16653,89,536
8F48BB7D35,1203.3,4973,174,100
C7374C39CE,963.4954954954954,4428,53,111
48E7843A20,1614.4498567335243,36555,101,349
10862518D6,728.4459459459459,4543,146,222
3A925E18FC,1302.2054794520548,4765,339,73
A8495707F0,823.8693820224719,5682,39,712
4658F96494,1093.322033898305,4596,255,118
5D2ED9970E,862.9411764705883,3125,100,102
698C3F641F,418.7755102040816,10852,96,294
A6C17AD144,838.2615384615384,4904,220,65
037C27D7F8,1105.0816326530612,8683,375,49
5B47E3CE30,611.7400530503979,4358,36,377
80A898ED26,612.0989010989011,4687,136,273
E66B15B956,666.5742574257425,4492,131,101
AB882C1F93,1524.7623762376238,7222,202,101
CFB2D892CC,778.4120603015075,19754,11,199
EA327FDDC4,474.2680412371134,4456,105,194
11589E6AE4,533.7952380952381,3468,92,210
27C298376F,890.7645348837209,11758,24,344
7445D97D46,931.9263157894737,4962,120,95
60E86379DA,891.7311507936508,15300,14,1008
013A2D08C5,717.4449339207049,3930,68,227
AE0F9D31CC,764.3080357142857,30685,169,224
FCA36EF00A,1074.8657407407406,17045,156,216
E07262CEED,620.418439716312,8406,14,1128
0E83A9AA4C,917.46875,3842,12,96
49961F2533,48.36363636363637,458,26,121
CA452D64C9,1214.37,3767,23,200
A64FF1CBE5,611.1374819102749,5849,18,691
B5AF28D9B4,350.2382075471698,4959,3,424
C23B7C417D,1037.0746268656717,3532,82,134
2A24FDA359,995.1212121212121,5661,230,198
06F7AB2B77,853.1614906832298,13066,9,322
C4693BB026,1302.0947368421052,24256,226,190
683DEB866F,1049.378947368421,3436,238,95
D123343641,696.7435897435897,2751,23,390
0CA3FF589A,998.4387755102041,4090,106,98
CA74B8CC30,1085.9226467847157,10819,27,1073
DEE77355C3,540.52,5546,14,300
26188492FA,770.955104222341,30206,30,1871
E8343B9239,1045.2600896860986,7355,11,669
2B51FDD3D0,206.56382978723406,1358,9,94
1727E68241,744.8189944134078,3846,21,895
950968C9F4,552.1826923076923,2086,193,104
D20A67A68B,684.9965277777778,10396,15,288
3DE2BF639B,464.36538461538464,2198,135,104
78D4D33ACE,1641.317365269461,23624,24,334
B0249E481D,785.5046728971963,4646,28,214
4F6BCBB6B3,1979.0430107526881,16618,193,93
909DAA5F53,2398.324074074074,301183,133,216
F007089163,751.9791666666666,3259,259,96
32D5254DA3,631.7929267042542,18084,20,1951
33272949D9,1653.3296703296703,19778,405,91
6EB21E5656,778.175652173913,5791,29,575
F6223BA811,745.1111111111111,4575,31,216
BEC4F4D9B0,737.068870523416,3290,17,363
B1ACB92943,691.8571428571429,2821,130,154
7AEA22E1DC,634.6193181818181,5015,16,352
F7D7A4848B,682.8549520766774,4868,11,1565
336B0412D2,2082.491525423729,8136,357,118
C6CB2F8431,1055.888888888889,5164,13,117
FD05A4676D,606.1963470319635,10283,126,438
7D4D59A75B,1025.4725274725274,13048,18,91
1C5871D968,897.4848484848485,12695,259,99
83E6E14845,524.1515151515151,2972,177,132
7DE05911BC,934.2598039215686,5377,62,204
2AD59F967E,725.9423076923077,6471,21,416
26538B695E,837.7013574660633,5391,228,221
58978EC2D8,917.7648902821317,4943,7,319
58A4DA3035,514.5186440677966,9444,12,295
DF583C0D8A,1170.388888888889,11001,271,198
A0D237B303,1757.2826086956522,12939,246,46
035AD7DA99,818.8739495798319,3491,54,238
AF7953D014,969.3546798029556,8375,124,203
93AEB8508B,963.1764705882352,6372,170,102
B0107A4177,767.12,5208,124,100
22E84F72A0,823.3035714285714,2673,267,112
175A9420DA,921.0266666666666,10298,127,300
07FF8E90D0,1503.1141975308642,7193,16,324
3133BEFAE0,873.8537735849056,7267,27,424
DA6420354B,866.969387755102,4117,207,98
62CCE75BF2,906.6875,6388,16,480
CF98DAE07B,1106.210826210826,6641,165,351
80D13E6B17,1060.1331058020478,5523,23,1172
60DDF79814,683.7333333333333,3473,99,225
673033093A,870.8648648648649,7576,29,148
37DE62B6F9,645.302752293578,2746,34,109
32713C7E5E,1166.8148148148148,62769,249,108
8B638DE21B,584.5462686567164,4258,142,335
D21F145F82,701.9976019184652,11893,7,417
920B107179,1054.1624365482232,10506,99,197
B510D2CB21,547.1603773584906,8931,50,106
604FF2ADD2,738.7477477477478,4387,67,222
FFBAE353A2,873.8845528455284,7210,27,615
2370453F3D,517.388783269962,2816,12,1052
0BE9799FBB,713.9255319148937,3098,166,94
BCE4278740,699.5428571428571,7772,103,315
A8EFED9A50,1568.405172413793,6148,27,116
53A8F905A6,824.9936305732484,11879,20,628
525B176FDD,588.5909090909091,10931,89,110
A9FB5FA57F,1109.5483490566037,8754,30,848
7610DBE62C,1163.2611940298507,6110,32,134
0AD782968E,1481.3493449781658,8783,26,229
BBDF95298A,831.5793650793651,6414,370,126
0AE9E98082,507.7029702970297,2943,127,101
7101455BFB,694.3446808510638,9024,29,235
2C77D99E03,1133.3603603603603,13072,30,111
D48A196CA3,1062.8006644518273,9798,21,602
28EFAD935B,411.439226519337,4438,18,362
B5AB9B0DAF,1268.0581395348838,6911,249,86
7CF6A3BABC,1023.494623655914,6034,286,93
EA61C93B18,955.8064516129032,5164,49,93
826A9BAAD5,2215.577319587629,37782,228,97
D67B17CCDE,968.1117478510029,8481,54,349
8CD835E3B4,1038.3846153846155,7081,154,104
179CBECCD1,440.92,2096,58,100
13917689CB,1044.2922374429224,14046,113,657
F54C9740BA,1049.6349206349207,5096,207,126
1FBAABCDD0,1106.8110236220473,2844,119,127
2B11B2EC0C,1530.6528925619834,9146,171,121
92BD167D3E,736.3398058252427,2399,196,103
200EE5E778,1166.4202898550725,22398,40,345
1B2AD9AEBB,1212.6112469437653,109135,21,409
0406776090,874.4285714285714,14257,179,98
4C6289DE33,1113.1182795698924,7711,191,93
D135675FA2,870.088088088088,4640,8,999
BE11645C62,1028.2083333333333,3753,331,24
030924F701,376.08,1443,7,125
80D900D663,1293.0805369127518,6697,250,149
EA857F6891,622.5060240963855,2425,22,249
8B0A8678E6,497.7083333333333,1546,165,24
6DD89A7D4E,708.1082251082252,4360,40,231
AF723798B9,729.6975609756098,12578,10,205
891051CBA2,694.2870370370371,9113,137,108
EC40260616,758.2844827586207,4874,202,116
67EF5C50DF,961.5067567567568,6292,56,444
7DA157B462,1038.0710059171597,23835,204,338
94D94F1AFC,638.1764705882352,4077,27,221
A5FAD19D4D,1158.5223367697595,6972,26,291
FA5CF5CF48,1545.4020618556701,10190,153,97
7E5842C7F9,936.3090551181102,3675,25,508
C1A54D4A7E,739.8636363636364,9884,15,242
D653D6F3F2,514.6634615384615,1920,185,104
55149B4ADD,506.7294685990338,3621,68,207
A8BA84EDB8,595.5408163265306,7134,3,98
0738523A5B,997.2380952380952,3489,28,126
BEAAA2F5C9,1203.3538461538462,8687,370,65
449AFB0CE0,1266.5593220338983,9469,191,118
7AD9BC170A,633.3023622047244,3297,8,635
9B57BD7A75,811.268862911796,35050,8,941
12FCB86887,85.36986301369863,2232,6,219
5CDD07DB12,1671.582056892779,15062,226,457
A98B43BA44,1285.776,4858,207,125
5EF4577B19,777.6150442477876,5876,33,226
0B012B4124,739.6161616161617,5811,204,198
D24AA66C5C,1543.986111111111,8675,73,288
D2752AD3CE,488.1842105263158,1710,21,38
A44B5DCFDE,454.67455621301775,2320,31,169
3AA4788AF9,764.8990825688073,4546,8,218
9BEBAE3DA1,1149.6935483870968,9303,206,186
1729B546E5,944.9459459459459,3295,62,111
BC93FD6321,794.2647058823529,2412,259,102
CE65A02454,1400.0777027027027,11018,101,296
8B8F57FCC1,1383.67495854063,19262,49,603
F13DCD636F,794.5144694533763,56158,12,311
CFD13F0343,569.25,4433,130,220
DF8144B17A,532.7701421800948,6791,6,422
D2F0E953F2,722.2440944881889,3015,168,127
19DD8EB415,823.042372881356,5231,11,118
A504A7C4AC,1112.4121212121213,5552,198,330
C143FC3CA2,815.7309292649098,16056,34,721
1EE99FF383,1519.5294117647059,9540,273,102
545B3FEB55,895.578947368421,1463,345,19
671A67A89E,686.8349514563107,3817,209,103
3619B01053,880.7962962962963,3668,13,108
03FD9F2628,529.5330073349634,6340,25,409
13F30E90EE,519.1848739495798,2633,60,119
66783AAA33,1365.3255319148936,15229,24,940
89C06816DF,904.2738255033557,12317,138,745
A390BBAD89,663.9201680672269,7259,16,238
F98AF0B3BE,656.0681818181819,5952,179,88
2F2922D1F6,912.0930232558139,6824,218,215
4B7D2E89F7,1366.4021739130435,9471,27,92
26AAD0BC1B,889.3594771241831,6426,64,306
A4BDC53D67,1345.9605263157894,6988,384,76
9A6D87999A,608.3684210526316,5105,15,475
19612AB5AE,1900.3526220614829,18470,26,553
0D9233C7A8,978.1273885350319,43927,13,314
A856332511,621.2513089005236,3424,24,191
48DD7C12B7,1841.4954682779455,26314,8,662
9F820DA235,1401.8026315789473,8982,18,304
FC21462E01,1043.8434782608695,7313,242,115
434F8737C5,1026.5323383084576,5394,156,201
E9166521DF,955.2616822429907,6329,235,107
F27A8CA795,2283.4909747292418,256284,22,277
6B56C2BC65,1108.3577981651376,7152,154,109
DBD948D3CF,1014.3653846153846,4130,318,104
00CCFDDF14,1044.6259541984732,4069,52,131
0EDA7B6437,825.2941176470588,2426,35,102
2ABA928A83,988.6849876948319,62037,15,1219
6BEC0211D4,639.3896103896104,6044,16,385
FD40548AFC,1319.0283018867924,4537,234,106
C4109D0C89,2139.5229357798166,20604,39,109
E4121AFB13,887.1603773584906,39101,130,318
66F0EF17CB,781.7631578947369,5088,15,190
E0238CECF2,1122.6576576576576,10443,22,333
B902FB7113,1542.1313131313132,28443,234,99
06F70AF07B,683.1837837837838,2051,218,185
4F114E5725,884.1588785046729,6550,35,107
31829C02F1,1692.4102564102564,25029,144,117
5D1F6B5AEB,851.7820738137083,11389,6,569
0BC71AD206,618.0982142857143,3960,12,112
6FB2EB8CC5,645.0952380952381,1935,277,105
3FA76E2AB6,614.7,3302,54,90
CA2F1938CB,1213.460606060606,10883,229,330
FFB7DD18A5,684.9439252336449,3123,95,214
C9525BD7D8,764.5575221238938,1917,12,113
E8F9A774F6,934.0431893687708,11819,107,301
3F890426B7,1157.1535087719299,5875,164,228
7E95F0B1D9,1493.1340206185566,7377,10,97
AF13F1B8CE,931.2857142857143,4231,176,119
B353226685,599.4234234234234,2307,21,111
010D449F57,1071.6082949308757,15108,40,217
E3FCD12512,775.0,2715,43,239
F0E718AF80,689.7358490566038,7087,18,106
D31A047AFE,1696.2742537313434,43599,13,536
951917A7B0,809.7864077669902,5253,206,103
EC295348BB,798.3518518518518,6899,197,216
044CCADBE7,1373.906976744186,4015,220,129
A53EDA71E8,1056.1727053140096,21469,31,828
499EC91AAA,405.16346153846155,5057,23,104
97597782EE,1737.304761904762,25045,216,105
F1FDF35D12,1735.4814814814815,9733,292,108
AB65445030,1152.162162162162,9421,111,111
84E3D9A036,777.3970588235294,5513,77,340
21024A57AD,573.2721518987341,3845,12,316
8415D6A87F,1907.017094017094,16453,168,117
99AF5CEB24,657.1181818181818,7544,139,110
B09BA5F70F,647.5316742081448,19837,14,442
730BFEF925,959.9065420560747,3752,24,107
F6009F5FA9,987.3891402714933,14673,74,221
54EB43430C,643.0733944954128,4441,59,109
5495C89995,794.588996763754,11230,19,309
C0E826799C,813.4115044247787,6696,122,226
404C34948A,896.9893617021277,2665,27,94
38C95769A1,985.2922374429223,32958,31,219
8DFF1BD0C9,1054.4983818770227,11302,157,309
D132DF9520,1057.7866666666666,14041,10,225
3FB675A02F,1056.952380952381,5027,182,105
868ADBA8C8,684.1326530612245,4557,106,98
653B9759C4,773.8020408163266,24727,6,980
30E5C5073B,835.9236641221374,3379,149,131
520F6A5D38,977.1804511278195,4594,375,133
66B7AD3D43,795.65,3135,205,120
83823AB5EF,1102.5,47627,238,220
EC4067F890,39.523809523809526,432,9,21
6C76756FBC,916.4362017804154,6506,123,337
897597E0E8,1022.9802513464991,76483,45,557
3823276199,881.2100192678228,3927,26,519
2D8897E4C6,1404.361111111111,9110,178,216
D4751A4CD9,679.0,10819,21,99
1E16219FED,792.6294349540079,13275,19,761
667D296EE9,729.2075471698113,2193,178,106
5ECB74A8E3,897.15625,6216,68,96
B96CC7F901,816.9313725490196,62685,33,306
398D92F4BF,917.9150943396227,87600,20,742
07CDE44E09,478.9892933618844,6459,56,467
B6033860C6,1012.16,7387,28,200
32CC59A729,382.05846153846153,3424,31,325
C61CE4CC26,976.7547169811321,12582,164,106
007D55A0C9,631.3168316831683,2357,53,101
89B54C9367,1117.487922705314,11416,16,207
93B4C4AE25,1147.6727272727273,5218,223,110
081A403DDB,1273.367088607595,52092,204,158
AD16A3AAC5,1475.9072164948454,4554,192,97
4B534E0839,2743.021276595745,67151,392,47
13662CAB0E,1197.367924528302,22451,307,106
04FF499886,763.81,5080,287,100
80C0EBA156,601.4166666666666,3810,61,120
D62F2FDC2B,709.3820754716982,2480,94,212
3E6E465646,516.3217391304348,2936,204,230
7B67478662,772.5045871559633,3992,24,109
22786A5C0E,1004.8716216216217,29182,15,148
B8594BC16E,1124.6650717703349,34389,23,209
040D2E53C4,723.6290322580645,7323,7,372
72DCA7E7AE,477.5855855855856,3883,16,111
6B4B5E595C,586.08658008658,3144,32,231
BB88389943,512.320987654321,3184,54,324
5E93A76E1D,1149.361111111111,8702,10,216
B61375AAED,814.7452830188679,3830,288,106
4B6849FB86,656.1224489795918,8007,6,294
7D128ABC74,1041.991631799163,12881,22,478
4F50E3F890,1215.4864864864865,5237,225,111
C9C3E26123,877.195652173913,7821,13,184
1B02DED708,641.9065420560747,2505,12,107
C48808FA8F,837.9587628865979,18131,104,97
4D2077533A,640.9659090909091,3222,76,88
2F36C7514A,1266.3490566037735,6131,223,106
C143333464,1021.3211009174312,34876,26,218
04E09A9FEC,1305.6732394366197,15062,10,355
FAE9CF29EA,1048.7475247524753,8456,19,202
28F8853F4C,617.1473214285714,15084,88,224
1DCE4CBFC6,855.574074074074,6347,23,108
D936CAB90B,761.4218328840971,5754,143,742
DBA6B260CF,1464.3861386138615,7336,366,101
F176CBA815,723.9805825242719,2012,215,103
7564F11E14,1066.9894736842105,3427,78,95
A70B2DFB68,623.7757009345794,6170,4,107
A881B27788,1299.8058252427184,6744,168,103
9DEF69070F,941.3655589123867,6592,248,331
A1B628B5C1,814.7400881057268,5761,230,227
F2EA8E1687,1038.088888888889,3859,12,135
7BAE673401,950.8086956521739,11902,11,115
6FCA2D12A6,567.3913043478261,1875,245,46
3B18C56B71,810.44,6901,212,575
1E2882F94B,724.8722358722358,42427,42,407
5060B12258,422.12068965517244,1357,133,116
BFCD1F2141,633.7857142857143,2193,238,112
D3A14AC44F,847.55,3120,10,100
889ADEA894,699.4242424242424,1846,153,33
2670968760,585.9119496855346,8434,93,318
45338AD162,457.9836065573771,2388,162,183
A240E6E9FD,1012.5184275184275,6967,8,407
A4C8A80F06,914.2615803814714,3631,107,367
C1942AF506,1053.3854166666667,11076,24,96
2CB3235872,568.7537688442211,2707,68,199
A830C5A273,712.0821256038647,2986,51,207
54730C1DCF,370.8988764044944,13570,30,178
9229391C52,644.2796803652968,6966,23,876
A94E894873,968.4234234234234,5703,51,111
4B525454D7,1053.3308270676691,6928,82,133
AE2211D62F,928.7396694214876,3131,228,242
7FE60CF0B4,616.5526315789474,4816,78,190
ED45A89199,570.0961538461538,6314,59,260
57A9821B71,749.0176991150443,4086,72,113
42503B3A43,1020.5862068965517,4345,51,116
8537EFE786,702.7807486631016,3838,24,187
000DBDAE47,695.3461538461538,3953,31,208
41277CFFAA,832.968,4242,100,250
88E6E716EA,1410.162393162393,14197,23,117
983CA8371B,812.167487684729,10174,50,203
2262234CB1,65.40495867768595,1224,16,121
68868EAD45,243.94827586206895,6133,11,116
3755A23EA6,1061.3218249075217,14659,31,811
86C6C7F181,490.07216494845363,2075,36,97
96E9AA09C6,814.4129032258064,2614,155,155
6CEE5CE2BD,1239.6945244956773,5731,9,347
CBE7999078,887.3782051282051,17167,9,1092
20F3A6F993,897.9574468085107,4292,157,94
4441BD9FDA,800.2929292929293,2680,26,99
3B902C28F4,1465.3130434782609,9053,16,115
547ABA2089,581.75,3800,26,104
A29B0A129C,505.6952380952381,12486,6,105
C60A58F1A7,898.9795321637426,35402,157,342
BF4038641F,684.3540669856459,5428,37,209
BE959B1425,627.195652173913,2655,13,138
FD645BAABB,644.6181818181818,2375,12,55
FD14E9F5C7,944.75,1863,288,12
73F16F166E,1283.6271186440679,4190,224,118
D8423DC5B4,1544.0873786407767,6122,199,103
683058DCAB,559.9289340101523,2864,167,197
72D32A9C45,985.3832599118942,15004,157,227
91C1A39D81,1155.0,8990,8,271
34518E1BBC,1254.7102803738317,9980,197,107
74E7BC64B9,843.3333333333334,5108,13,102
4FD699872E,458.0495049504951,1848,166,101
EB9DDA1059,1310.967213114754,7323,67,427
13662BF1F4,1003.622641509434,6606,204,106
11BDBB0E56,907.9556650246305,6151,134,203
0EF978D30B,1186.2,5658,239,120
1B5E49BA54,812.4173913043478,3738,168,115
FEBACB85D1,1074.752380952381,2895,27,105
D12FAAC760,1051.9669421487604,3689,257,121
E76A0A9016,581.5321100917431,2920,33,109
1151708402,1509.3472668810289,10952,15,311
8E66FD4545,536.1412213740458,4801,39,262
824087565B,1678.6564885496184,5734,152,131
D8E53A43F9,683.8020833333334,4214,29,192
263E218796,473.2508038585209,3229,30,311
C5C12C8AEC,577.656862745098,16036,40,102
FE03F8AFBA,924.3018867924528,10244,28,106
26B92D3610,735.1650793650794,6681,21,315
C2E81754A5,3658.6352459016393,521572,216,244
329F4E3BBF,443.088,2561,216,125
13AE5DBA2F,824.2647058823529,4129,187,102
9254CA95E5,2057.3069306930693,19481,9,101
16C0E3381F,685.1875,3055,23,224
793413A755,506.8011363636364,8606,26,1056
AF1809A873,783.3125,2873,158,96
8C1075114C,1005.8260869565217,3250,252,115
31268545E3,1103.4325581395349,13285,17,215
798DC00B37,290.24747474747477,7905,22,198
4AFAE5224E,2327.572727272727,36230,227,110
3D6AC70083,1402.1526315789474,13912,19,190
EEDBAC9351,1536.438202247191,8253,143,89
B61563A08A,1115.7365439093485,33293,24,706
42D561C4E2,1312.7226890756303,14142,271,119
5EF1B3D187,553.87,1558,28,100
AFEAEA806B,142.03571428571428,5437,5,336
BAFCA1F4F3,1269.2680412371135,11047,154,97
DAC9CE807A,933.2661870503597,5532,208,139
977BE39721,849.2563694267516,15860,16,628
A9F1F435E1,2133.764705882353,6599,21,102
B4F3DA485D,877.872037914692,48891,28,211
BBC738728C,1382.3497536945813,11046,199,203
F5DA386443,1039.3916913946587,7380,104,337
53D08F14DE,814.8878504672897,10404,11,107
F9853050B7,880.6526315789474,5905,235,95
495E85B10B,1115.9649122807018,18713,235,114
B6277353D8,1618.117117117117,21512,111,111
37332A8994,650.5454545454545,1855,195,22
59D03FC93F,2186.3571428571427,7123,458,28
D362EE5588,711.1150442477876,2358,219,113
44B203F0CE,1070.252336448598,3553,216,214
6B71CEB233,1218.920489296636,24584,93,327
ECE6A26B2A,523.7154471544716,2100,65,123
F8DFE851A1,850.7889908256881,4903,122,109
01B3CCDEAE,1276.8229166666667,8484,39,96
E182DCD4E3,994.0434782608696,2054,448,23
6A86F7155C,810.112676056338,18124,9,213
B616F8A84E,2009.418181818182,81026,53,110
A40AF61597,1556.1090909090908,9784,2,110
0D4817E4BB,733.1515151515151,2285,184,99
F1EEF4B13E,609.2596153846154,9958,180,104
706D23AEC5,664.3714285714286,7293,22,140
E28301825C,353.4339622641509,3210,45,106
5A449647F3,144.63302752293578,2947,14,109
542DC570AF,737.4485981308411,5293,77,107
B1C7916C69,1290.8703703703704,10233,298,108
8067F168EC,970.1538461538462,3887,162,104
F03138657F,1111.2460317460318,5459,167,126
760C440849,1333.8152173913043,4034,84,92
5868E46CA8,2184.12,105717,81,100
EC3F728498,707.1340206185567,2574,64,97
F6E98383C5,653.9734513274336,3309,151,113
7AC1C3951D,514.9763157894737,3474,12,380
B032762CC1,666.3555555555556,3843,87,90
914BD46C4E,376.09615384615387,8021,3,104
B1BA35CBD6,1289.0152284263959,11923,100,197
1B07C4DEB4,777.8913043478261,5333,17,92
65B9F11DF9,3037.926315789474,185190,146,95
0C90B5A7B9,660.4678899082569,3601,187,109
83CA3EE52B,1641.8673469387754,14571,59,98
F2555FEE2A,510.6330275229358,1839,163,109
C89815A422,1048.4905660377358,3946,311,106
6305A2682C,642.7383177570093,3012,161,107
C16CFA7712,1508.1057692307693,32307,24,104
60CA20C03F,1258.7606837606838,12972,189,117
9B52EDC935,185.29910714285714,5442,22,224
217F74EF3E,866.0,4191,39,111
DE84B3A7A8,957.5982142857143,5494,18,224
74E8B2A91F,689.008547008547,3340,114,234
C1698C0133,1014.6632653061224,6717,31,98
A12F7A96C1,533.3429487179487,5993,14,312
BB458FBB37,560.5346534653465,11233,116,101
18ABAF2B7C,502.1363636363636,1891,21,110
60BC4C8685,1738.990990990991,9184,208,111
D88F0E903D,1243.8214285714287,4148,71,28
1A8C2425EB,1465.513043478261,10479,115,115
EFC077432C,1517.4444444444443,56684,88,99
2B0C25566F,1265.1186440677966,6068,188,118
B96709FE4D,557.7301587301587,1940,174,63
265B8F4FEA,850.9655172413793,1964,215,29
42C146AD67,1141.817391304348,3748,265,115
C61565CD3E,441.0,1659,142,352
BEE937F212,938.6929133858267,13343,259,127
F365D33AC0,1082.8280098280097,28270,13,407
0C98BE32BB,548.2488262910798,3768,13,213
0805A44F79,839.9217391304347,7784,147,230
E06A46A485,895.3826086956522,3680,203,115
9CAFB55693,1308.5756578947369,56260,13,304
2FD1DBE76B,996.3,4426,292,100
C69160C4EC,1421.128205128205,16810,227,117
F382624F39,1201.1928104575163,5536,26,306
9C3A61C356,1848.063829787234,10372,35,141
C770F4A822,702.4279569892473,3068,14,465
3B462AE4D1,958.8293838862559,11107,51,211
5D98A39915,1005.2972972972973,2251,370,37
EA4F576352,782.072072072072,4329,103,111
06DDC22961,975.9158415841584,6730,123,202
9A4BB76B45,969.0380952380953,3781,245,105
8D1D9FEA2D,1303.4076923076923,22263,76,130
7FCDEA4416,1355.5442477876106,23915,12,226
0352EC8662,910.1127819548872,6387,205,133
E14252B551,705.6571428571428,3102,63,105
1EC97E7B2D,905.2628205128206,8200,11,468
DE67E9BCAD,532.4545454545455,4835,44,176
A6AD594364,698.7211538461538,4093,100,104
C13021F581,986.3421052631579,7005,113,114
0720EE45F4,781.1,5544,10,120
29376320C7,998.752,3491,101,125
CAAFF5B07C,1039.4886877828055,5974,31,221
244609E42A,645.781512605042,3250,16,119
30AE0C8B09,699.3050847457627,9238,54,118
61E94A6F0A,683.2169811320755,1975,165,106
AE16A372C2,572.4,2104,25,80
0564014CDA,3702.086956521739,54288,39,23
8F9AB6176E,796.6919431279621,11799,3,211
4DD9EDA51A,734.4013266998342,8007,28,603
234853B5FE,661.5677966101695,1847,229,118
5542407D43,1118.1636363636364,4032,231,110
378F34F618,1293.962643678161,10115,235,348
21D8D721FD,173.8967136150235,4013,5,213
3B84B9EFE8,529.2488262910798,2710,22,213
357BE85999,1038.4639175257732,5583,264,97
ACCF9B8747,648.1311475409836,9088,137,122
DB220D0B3A,698.2666666666667,4037,130,105
50DEC14992,1442.2432432432433,3604,464,37
1B03E8A669,638.1078431372549,14288,27,102
4098FA9377,1202.211009174312,23485,93,109
DD008FA8BF,770.3288888888889,5529,17,225
89F628D96B,757.5991091314031,21086,31,898
42CA2C44F5,1014.031746031746,8182,40,126
1E67693F34,1210.8725490196077,5348,13,102
2E5973F62C,686.0091743119266,5834,128,109
69A0C37ED0,956.0190476190476,3063,163,105
87E2A2BF4F,1512.816091954023,13885,190,87
71B622ACCC,563.3047619047619,1927,221,105
9652E643D2,818.7485714285714,3989,35,175
C4263EFEC9,929.375,3938,245,104
174D4FB4BC,627.7559055118111,7419,81,127
B4969C0994,583.204347826087,5901,84,230
2B5134D69E,729.289156626506,6865,101,83
E1A9ABD282,611.0598290598291,5414,99,117
2367803013,1542.3958333333333,23701,306,96
CE136C1F3A,835.8214285714286,4404,166,28
E6951E519C,664.2260869565217,8639,31,115
D20AFB1636,1008.6569343065694,4545,10,137
28E6648A14,631.1981132075472,1579,228,106
96420E27E3,1074.7702702702702,47685,6,222
B6471C1710,834.9411764705883,3885,22,102
07989EB8A4,880.0879120879121,2891,23,91
354548BEF0,1647.8703703703704,11240,148,108
CB42832626,1651.1858407079646,9548,94,113
CEC0D94A46,1239.971128608924,8775,201,381
2759103A37,219.72297297297297,4910,7,296
BB4E3EA216,712.196261682243,2920,59,107
BC4B601B40,899.828125,7434,45,128
650C33FE9C,669.8651685393259,3060,52,89
06EC5C2352,841.196682464455,4722,11,422
958062C04D,632.5391304347826,4577,10,230
5EB53390B6,250.2982456140351,3252,21,114
12A64CD719,1334.029702970297,8835,263,101
8D86F2DA32,1733.9107142857142,5392,210,112
1D54F3E8C8,649.0,1908,125,63
770E42E2F1,871.6870229007634,33058,9,131
F19FD9B92D,592.8965517241379,3188,169,116
76D288A4DC,1359.1243781094527,26918,29,201
89D708AC40,684.972972972973,7704,204,111
AC4A89C9C9,465.27272727272725,2233,147,33
78E88A7F1D,1132.4234234234234,6111,359,111
29392F3986,1659.12,17040,59,125
D198B23FCF,937.9630872483222,8629,292,298
6DA3561BEE,1052.8235294117646,2416,411,34
BCB15AE576,1686.054054054054,15340,265,111
5A42B589EE,366.41379310344826,1453,156,29
E24473080C,505.621359223301,1734,65,103
48AD00E269,1170.3061224489795,6837,24,98
C5B0FC24BD,716.796875,3550,282,64
5E0DC5D980,825.5446428571429,5548,19,112
913E32532D,1108.16,3038,73,100
82BC4C5752,1147.9607843137255,7348,229,102
3FEDB93001,1109.7333333333333,7314,38,30
058D485342,528.7234042553191,2348,41,94
A0A8F2EB9E,1106.6842105263158,3806,494,19
75A10D1111,891.4926470588235,18383,197,136
7CA6398BD8,1144.4107142857142,3743,283,112
1F1A4972A4,703.3153153153153,2947,103,111
007926AD56,912.1770833333334,4494,278,96
0A4DD5628C,886.6442307692307,4925,30,104
D40EAFDC94,644.9396551724138,3910,186,116
39EC584B97,846.1509433962265,6950,228,265
2C080F173D,460.22680412371136,2647,44,97
7099FFC748,596.8,1844,95,85
34F6395EC1,979.3365384615385,19214,92,104
62E29ACB57,614.4252873563219,5898,82,87
30060090AB,868.5175438596491,2632,187,114
98B23D519E,787.3482142857143,8303,64,112
C24A3EDD59,551.6504854368932,3902,26,103
B05D7294D3,865.0922330097087,7109,35,206
D08AAB164D,685.9423076923077,3944,80,104
A959EFC96F,1101.5567010309278,4424,230,97
995CF804C8,1071.7589743589745,35493,18,195
FCAEB07D29,929.584,6568,228,125
3950473941,1175.0526315789473,6452,23,95
242C9B9FC6,1264.2426470588234,13101,188,136
49D1B87419,832.150417827298,3599,197,359
B971E353C2,695.4805194805194,2064,86,77
13DDD082EA,1460.8810572687225,7089,198,227
E7633C57C6,1376.2735849056603,63033,252,106
37F9ED32B8,1438.1223021582734,17656,19,139
844CB3FC7F,1412.126213592233,28515,283,103
A853F0CEAF,754.5742574257425,4085,82,101
B0AA93E854,575.3663366336634,4053,149,101
D40FC4D87A,790.927927927928,5905,26,111
15B2FD2E60,1799.3478260869565,8284,239,115
CCD46E927F,1120.9811320754718,3811,238,106
B0F9D57D36,1045.8061224489795,5485,44,98
6D146124F8,1432.8163265306123,5772,151,98
0FD1D1B403,204.2460732984293,2690,18,191
E7E426BC07,841.3688524590164,6193,219,122
EFEA29A03F,928.8333333333334,1916,405,18
4236D536C8,202.50943396226415,2147,28,106
27CD2C7244,476.02962962962965,3470,37,135
23B6A6104B,970.1333333333333,5707,63,105
6A198C24FD,781.8636363636364,2584,208,110
9346ADA986,624.4487951807229,3858,19,332
9700388C3D,1159.982905982906,15553,214,117
B0F42927D3,1296.6933333333334,4116,159,225
80D018863F,894.9908256880734,6532,190,109
DC5333A5C9,858.6521739130435,5156,37,92
1C03399320,1003.5280898876405,6594,150,178
A9312FA4A4,1609.1153846153845,7583,485,26
101B8BA900,593.8130081300814,1880,82,123
1D58267C68,739.5154639175257,3497,144,97
6A6B247B34,543.4903846153846,2673,24,104
D08BEA8BF2,373.5833333333333,2337,6,120
D171C8A5D8,1205.8192771084337,4807,88,83
8301DA4A98,492.22330097087377,5359,183,103
F927AEF2C2,1363.2833333333333,5023,352,120
C50609D5AF,1647.7241379310344,5143,489,29
E4504083CD,508.02777777777777,3003,169,108
84A72338B4,1847.2263157894736,9973,170,190
D812E0FE07,664.252427184466,4752,32,103
11D88FBC53,1013.3883495145631,3630,173,103
A2B4BDD96E,898.76,12488,78,100
F340093661,739.4587155963303,8869,14,218
725AC66C63,851.4736842105264,2611,351,19
E3F15A5CE7,488.0081300813008,2863,166,123
72422A7328,1112.8613861386139,8708,186,101
5CA9CF60CE,694.4423076923077,6685,176,104
9CA93A91FC,624.8761904761905,3930,24,105
A0FC902170,859.504761904762,9549,12,210
5C6165A709,1189.0978260869565,6648,183,92
C698EF9E40,1445.4130434782608,59134,141,92
C7600E0800,813.7528089887641,2849,23,89
8495F89BE1,1053.3391304347826,4048,200,115
BD76239CF3,1118.7115384615386,41630,17,104
CF61DF6779,598.0182926829268,7167,126,328
60A022B1B0,991.5585585585585,3715,166,111
4AE3EE4BAC,937.8926829268293,8232,27,205
AA184A1DCD,554.8196721311475,4833,165,122
DB12FB2492,1217.3946188340808,7795,364,223
C22EF66718,1090.4020618556701,6657,6,194
6DE9BDFC54,1248.8522727272727,5591,19,88
E7BCC0798C,1151.625,3404,538,24
E91D03C72C,628.992125984252,2899,146,127
55DC951F4C,743.6067415730337,2024,206,89
98B059B1BD,547.104347826087,2320,183,115
57D8AB930D,736.046827794562,13166,4,662
AFA62194B5,900.2,3209,53,95
FC49A79A8A,607.3510638297872,1939,39,94
CFE02757CF,1115.4414414414414,26343,9,222
B0713B163A,547.5377358490566,3102,69,106
E78AA2C24A,557.6262626262626,6049,6,99
77C9DBA771,1609.9411764705883,7207,254,102
02E6F7D23C,1459.04,6706,237,100
67EEEAE465,885.1126126126126,8274,13,222
2DC1883082,1860.5604395604396,22011,174,91
BCF7A38B29,827.1111111111111,6978,81,99
D0E2FB15B5,562.6960352422908,2575,35,227
6A55B25F49,1325.936,15183,359,125
643F99544F,1552.1463414634147,20531,119,123
BEBF35C0C5,779.275,4269,229,40
DF7251B97C,588.8084112149533,8044,57,214
F3F63CAFF9,653.4358974358975,4558,202,117
526423FEA0,1252.7227272727273,21860,227,220
F818EE91E1,1355.3157894736842,18427,79,133
9DDF899046,1511.9915966386554,9824,306,119
7595EEB15E,1078.9669421487604,5979,243,121
6D5D2AC5D2,499.1304347826087,1618,243,23
71EC87EA71,1111.8316831683169,3899,150,101
EECC31E233,1003.1743119266055,6079,270,109
BA46780958,1191.1935483870968,20814,173,124
0E9C04D22F,900.5175438596491,4637,228,114
F976D2484B,551.8950276243094,3078,10,181
41A8C98E34,1507.7272727272727,7291,184,121
4942BA7663,651.1717171717172,5144,21,99
BA8A2BFFDD,596.2566371681415,2367,174,113
E382A503FF,709.0540540540541,5222,300,111
D780A85C2F,567.0331950207469,2987,115,241
FBD03D4825,722.370786516854,3632,99,89
EA6593890B,1134.637254901961,10396,142,102
F093ADC217,737.0990990990991,8472,17,111
83CFF574B7,713.4571428571429,2139,64,105
C2D905D336,940.1696428571429,9234,10,112
7529D7C65A,556.3981481481482,4249,123,108
95B48BAE41,837.1875,3803,79,112
612FB3D5A5,1615.7184466019417,14451,58,103
FD993E6041,662.7478991596639,4229,106,119
0BD27639FC,632.9175257731958,2522,31,97
51D10B7496,1107.5478260869565,11129,257,115
9F5D104183,128.54347826086956,1090,3,92
69F0146884,575.0280373831775,3483,216,107
2E37FD10A3,946.469387755102,3973,159,98
7D6C808EFB,957.468085106383,3613,33,94
CA671AE67D,1058.3529411764705,4756,24,102
907E458748,1142.2702702702702,4610,361,37
EDC11ABE16,2014.377358490566,8935,202,106
8BA81C605D,904.8245614035088,4559,144,114
6525964A35,1125.3904761904762,9719,75,105
7BCA786969,1160.957627118644,15025,23,118
A21639E256,1353.394495412844,3414,372,109
431B9DE502,1110.0,1892,671,29
257443B777,1378.2616822429907,15278,203,107
DB7D3404A3,1049.5666666666666,2615,362,30
B1A91BE2B4,995.1754385964912,6274,180,114
B64F131E8F,119.07207207207207,4600,7,111
8AFF1CAFA7,1430.9380530973451,4433,43,113
66A343A184,900.4745762711865,3291,244,118
23E3E2EB4A,714.0701754385965,4000,183,114
C3A2E1D186,650.2105263157895,6402,9,114
49043BAC51,977.9893617021277,6207,241,94
078706268F,505.3695652173913,1484,219,92
99FFA182CE,864.9767441860465,3454,158,86
54A08C0743,969.1150442477876,26835,69,113
DC04B7D025,1006.1648351648352,9255,180,91
4237642B5C,821.256,4286,156,125
DC3AE580DB,2426.494382022472,99641,81,89
CD28884D5A,1474.5833333333333,11895,26,108
B295CF0DA6,1804.628205128205,43858,13,78
51505F2640,677.5566037735849,3105,248,106
A0FAA89ACB,812.4398148148148,9720,6,216
D7DD8EA1AA,590.7391304347826,2693,82,92
3B5DEDBDE0,965.6,6799,241,20
1E52C0C45F,280.2142857142857,2906,5,98
DF9E629368,1108.4736842105262,6876,338,95
5037B83D4F,1028.8974358974358,5138,176,117
A1A44E0926,1267.864,7358,310,125
4DE129D2D5,447.1753846153846,14002,133,325
5696DDA645,882.7222222222222,8246,96,108
BAC9258783,2262.185520361991,27046,29,221
5CAB8178BB,581.5309734513274,3537,141,113
6754415B88,945.1491228070175,6313,181,114
A7EECF2F29,923.6814159292036,7238,223,113
0C3FDA008E,236.03669724770643,16445,6,109
2BDA99280B,581.1111111111111,2180,79,108
9457DDCC26,357.86455331412105,2677,30,347
3E54B0E5F6,683.0140449438202,5207,12,356
FB6EEE45FC,835.08,3818,176,100
C03A7C5396,1232.8095238095239,4889,301,105
06623B1E53,1309.3391304347826,9534,32,115
FF0EC988D3,1347.561224489796,10861,233,98
D72275B442,650.4571428571429,3877,36,210
52A198E18C,557.625,2539,31,88
A33725E5F5,1380.8365384615386,10513,210,104
6455737547,707.3504273504274,3301,35,117
AFD8E1DFA4,868.0796460176991,4674,14,113
DB7C4F9C15,674.4105263157895,1772,135,95
F6676E5811,878.0097087378641,4577,292,103
EACA5D2EE0,2150.5916666666667,178471,25,120
FA63D7C987,618.6,1051,310,10
79DFDF6BFA,1319.148148148148,4476,265,108
59843D7CB0,1415.0,3989,258,10
812031919F,589.5583333333333,2885,150,120
67C0976155,1128.8333333333333,4773,133,222
318395A2A4,1526.75,10686,85,76
4C72A18CD0,971.7008547008547,3817,309,117
95ACADC5C3,850.4188034188035,10286,248,117
C634359896,827.4678899082569,3455,226,109
7596BFB827,802.2300884955753,4055,118,113
65C64D7C97,1117.2131147540983,15134,30,122
B52F4BD7A9,812.6489361702128,5856,242,94
9950B048A7,480.0,1596,99,87
CCC5FC4904,945.5090909090909,6042,178,110
CD9DC0D61D,457.3775510204082,1439,5,98
B50974A761,1736.5760869565217,11418,413,92
FE095F616D,549.4285714285714,2347,17,91
AA23506E94,1262.3745928338762,26590,25,307
3943157C22,595.4040404040404,3786,135,99
922C770399,1276.4876033057851,6374,204,121
F5C5FF0AD1,747.1727272727272,2460,158,110
87EA3DD5EF,787.01,2366,225,100
FB6AD1DF80,1074.701030927835,7333,222,97
6B3CEEE929,786.8301282051282,5990,189,312
A29451CE4C,703.280701754386,2470,7,114
C35E116461,841.2053571428571,5375,37,112
C8D1F2733E,760.7,8186,187,110
FEEA093297,512.5871559633027,1768,161,109
3FB97E2592,928.1584158415842,3922,261,202
7DBB9D09CC,943.9444444444445,1992,323,18
4A2C4ECE0D,349.45544554455444,1224,118,101
273106EB63,683.3644859813085,4933,136,107
2EC7694DC1,858.7647058823529,4034,211,119
586FB516A3,2903.6285714285714,115848,416,70
B291EE05B2,2086.97247706422,103030,201,109
4A0E6B0CF4,1112.8636363636363,21536,34,88
1EE102226C,599.3846153846154,2491,67,117
030E317F82,152.05555555555554,2127,8,108
D65F53A486,954.4016393442623,34479,235,122
A1D92CC38B,650.688995215311,3738,19,209
DC61837CF9,922.2857142857143,6698,123,119
A455B82C92,921.3760683760684,4645,304,117
416C027F2B,615.2888888888889,2807,247,90
39B42B31C7,779.578947368421,3731,89,190
57AA158BBB,1516.4583333333333,11432,256,120
0A51CC272E,1453.2521739130434,6601,20,115
2A331EB131,579.061403508772,3687,186,114
9A0D38E947,586.1411764705882,3766,294,85
EB4EA1371A,926.3529411764706,3121,334,34
D8477E2E42,556.6565656565657,2780,12,99
736316615B,950.468085106383,3460,285,94
2B2DF42353,804.8333333333334,1940,237,30
98687533EC,785.242718446602,6764,138,103
F54971ADF4,1316.9160305343512,7755,149,131
7229D06F25,992.64,4800,209,100
3C52D85FEA,1776.0,12129,191,90
E4129E30DD,1337.1463414634147,48683,152,123
B0B1346129,944.62,3173,204,100
0330FAF597,1238.4074074074074,7983,286,108
EA438191B4,1213.881188118812,6144,190,101
E4C6377ADB,492.8898305084746,3594,79,118
93AC7E85ED,484.8735632183908,1610,36,87
1B57C4980A,831.5739130434782,5440,331,115
AFF9E9C3DE,1189.6442307692307,9445,145,104
ED73ED826F,925.375,1505,397,16
602F69A11F,761.4166666666666,3601,114,96
58DA2FFD81,833.1120689655172,4669,159,116
87E56CE696,1050.295918367347,7603,31,98
64AC5A51CF,1382.1458333333333,6188,263,96
39B0865557,1333.010101010101,3877,409,99
1F5767DA76,1330.8971962616822,7532,4,107
CC29F11375,32.26086956521739,36,29,23
06E2EE4266,618.7872340425532,5448,134,94
E5EC97F29F,581.5892857142857,1744,24,112
DC839E0D16,511.4835164835165,2654,134,91
9E198E7464,657.98,2414,94,100
4684E59045,937.0803571428571,3484,229,112
7C5E0AB9D7,890.5565217391304,2483,38,115
84FFA5C2DD,855.9705882352941,7689,121,102
4E90BCBD28,783.4716981132076,4148,33,106
50EB5D5962,1029.9259259259259,6539,111,108
E53632E4D1,992.5294117647059,4655,25,102
F29221FFFA,2254.05,201383,212,220
E323EF7AF5,520.0360360360361,1581,238,111
5FE8A3D402,497.06451612903226,4676,83,217
A806B8AEE4,618.2222222222222,9926,145,99
314B6D3BC8,689.9615384615385,2614,117,104
A7E066A6BB,986.2743362831858,5416,14,113
78FAD3D454,725.97,8361,271,100
FEE8E96E0C,931.8899082568807,5769,145,109
36E3D0C95F,894.8811881188119,11905,130,101
C96CBEE1C9,895.4607843137255,5611,293,102
D658D4E0DB,1230.3660714285713,17427,17,112
B14C99FC63,686.8988764044943,2255,120,89
4595A6DF8D,665.4888888888889,3624,112,90
B692B0C618,748.2065217391304,4213,61,92
2A4F9F4ADB,633.8867924528302,4936,93,106
9E9F582050,545.2631578947369,2418,134,95
F9AEEBC618,928.4433962264151,6220,24,106
0C0071ED5E,754.2272727272727,2523,194,110
08D3D5D4A2,1370.7433628318583,8020,63,113
9E3EDEE759,479.5268817204301,2329,123,93
A694C71026,1264.093220338983,4915,19,118
A807054B0C,1513.0576923076924,4005,372,104
D8A716CA31,841.0333333333333,5202,10,90
6B8546515E,1236.2075471698113,9306,259,106
E53A3A06AA,854.447619047619,13094,131,105
B06E7B2228,1254.203539823009,6402,154,226
2AF37DE65F,1001.8333333333334,5055,202,114
68B3AA1099,132.4950495049505,1811,3,101
E0DDDDF0DB,1360.5084745762713,7155,35,118
B04085F7C0,887.0943396226415,3483,218,106
04D93AFFD8,712.8771929824561,2682,197,114
50AED2A3B0,1199.061403508772,5963,210,114
72A11AD3F2,552.6333333333333,1690,13,30
23FEA4C1A9,1031.6363636363637,5433,238,110
75B8A0D3F9,958.5981308411215,4703,215,107
5D5ABEC8FB,784.0,4416,88,89
96F0F3DD02,865.5631067961165,9929,196,103
864A7989D6,737.0925925925926,3201,30,108
2157241EC7,656.3,1536,163,10
AC3DD7260E,468.3863636363636,1487,19,88
7A89F2DE9B,1565.9174311926606,26947,25,109
48F741E6DA,921.5892857142857,6635,311,112
8AB8439B85,668.9166666666666,2503,199,84
AFBBBA7DC4,993.5631067961165,5241,193,103
CE8E83346C,1311.0833333333333,8551,519,96
A475A85A45,583.3478260869565,1432,305,23
EDBBEE18F1,1336.4583333333333,4860,265,120
B601F64251,808.4563106796116,5790,282,103
BBD1DAF1B5,482.9298245614035,2263,44,114
DC1D8BAB21,1376.2671755725191,4500,407,131
CBBE5037CC,1291.049019607843,15651,387,102
672640B521,1436.78,7833,282,100
6D06652500,589.1578947368421,2581,24,95
4D5C5DAF94,1171.2277227722773,14036,315,101
8801E018C6,1308.0377358490566,21164,154,106
F26FB03B6E,1727.4545454545455,15545,502,99
A68273CCE9,618.9543378995434,11830,87,219
6D7C929C1D,958.4090909090909,6752,135,110
A015306E1B,2455.6666666666665,9117,611,12
A723BAC9C3,1415.9156626506024,8197,103,83
F0368004A6,50.3587786259542,1436,8,131
6BB2C44820,630.0294117647059,4351,167,102
6A9FAD83C1,826.6146788990826,6007,167,109
8FFECD06D8,846.9433962264151,9964,194,212
F96CE2CB5D,546.2743362831858,16115,44,226
E36857529F,775.0,4049,163,106
820F455EDA,953.170731707317,4145,229,123
748150DEE9,1257.2692307692307,5925,202,104
512CA8577B,276.0,446,38,7
424A751F03,691.1909090909091,7670,164,110
E81594DC26,1713.5104166666667,30955,192,96
77E49873EB,570.90625,2041,121,96
1B92B6D9DA,777.568281938326,3922,233,227
1F1A9E657D,839.7755102040817,2740,137,98
2C30600838,1049.288,4349,315,125
52CAB7AF4A,675.4673913043479,3221,179,92
DB80724B9A,921.7326732673267,8418,287,101
09F49F7415,1023.9411764705883,6538,142,119
FAEA601E7F,532.2980769230769,1608,180,104
42B739EF38,914.7745098039215,4344,7,102
334D871402,1738.132743362832,13568,186,113
2D325E41C1,505.44086021505376,2864,114,93
ADE44FA0C4,739.6310679611651,7383,19,103
E6B0D7A94D,1638.8471615720523,68078,4,229
5747433C23,797.2912621359224,4956,289,103
F341A7759B,1093.42,10678,198,100
E32A6D2AA2,933.672,4495,234,125
3F8248B6DD,816.3469387755102,5363,174,98
2D9D9F24A3,592.9747899159664,5285,57,119
2C3CA947B7,1753.1526717557251,46796,34,131
D733D28CC5,1166.6060606060605,5595,270,99
71AF4F47D3,697.3936170212766,2856,153,94
5FD7074692,248.85,897,23,20
AFBC8FECA0,1263.15625,4960,351,32
4945977404,1176.3915094339623,6298,40,212
C0AC3B3558,1043.6754385964912,4055,209,114
8765FCA1D7,673.5272727272727,4293,194,110
1C73B074B5,2983.0,13421,695,11
E0E162BD05,805.8207547169811,5523,215,106
7A3460827E,1283.116504854369,3947,224,103
A23EDAEE2A,405.70588235294116,778,185,17
9BCEB7151C,759.4434782608696,2898,207,115
9F3B768F9F,466.52272727272725,4763,71,132
46DA9F6E8F,562.047619047619,1117,260,21
B544A91866,881.0,2118,14,131
5F3CFB9489,1056.0833333333333,2180,302,12
014140EF35,1352.2307692307693,8535,228,117
9D0787E785,755.0,5106,161,112
30B81D8A0D,604.4015748031496,2302,178,127
8F194495F4,700.4609375,3202,199,128
3550EEC3BF,1205.8760330578511,7240,171,121
